epoch,steps,cosine_pearson,cosine_spearman,euclidean_pearson,euclidean_spearman,manhattan_pearson,manhattan_spearman,dot_pearson,dot_spearman
0,-1,0.8030410727476506,0.8013773092667922,0.7750931011029101,0.7747384526037175,0.7752065864465838,0.7749390116620103,0.7419269247329394,0.7466590017061674
1,-1,0.8182250069453489,0.8185153851509007,0.784224991369433,0.7873880736340237,0.7841127852549024,0.7872234204954837,0.743074111863189,0.7494781328812217
2,-1,0.8266229740790395,0.8265991878826443,0.7960744535844299,0.7992522259497157,0.796313351213131,0.7991897828461249,0.7551713076517296,0.7596217359668396
3,-1,0.8273519732084137,0.827005560049207,0.7977305990087542,0.8012195938554599,0.7979297453715428,0.8009916666519017,0.756972466780783,0.7607590944029884
